{
  "recorded_at": "2026-04-26T09:40:07.386069+00:00",
  "n_samples": 500,
  "n_trials": 200,
  "pelt_penalty_config": 5.0,
  "cost_model": "l2",
  "min_size": 5,
  "break_count_mean": 1.71,
  "break_count_std": 1.6822753196954063,
  "break_count_p95": 5.0,
  "break_counts": [
    0,
    1,
    0,
    0,
    2,
    2,
    3,
    1,
    3,
    2,
    1,
    3,
    2,
    3,
    2,
    0,
    1,
    2,
    1,
    0,
    0,
    1,
    3,
    3,
    0,
    4,
    5,
    0,
    3,
    4,
    0,
    4,
    0,
    4,
    0,
    3,
    2,
    0,
    3,
    1,
    0,
    4,
    3,
    3,
    0,
    0,
    0,
    5,
    0,
    2,
    4,
    3,
    3,
    2,
    0,
    1,
    6,
    0,
    3,
    3,
    1,
    3,
    0,
    0,
    1,
    2,
    0,
    2,
    3,
    0,
    4,
    1,
    2,
    0,
    0,
    5,
    0,
    4,
    1,
    6,
    1,
    0,
    0,
    2,
    0,
    2,
    2,
    1,
    0,
    4,
    2,
    0,
    0,
    1,
    3,
    3,
    0,
    4,
    0,
    2,
    1,
    4,
    1,
    3,
    0,
    1,
    0,
    3,
    2,
    5,
    0,
    5,
    0,
    0,
    3,
    1,
    0,
    0,
    3,
    0,
    0,
    3,
    3,
    3,
    1,
    2,
    0,
    6,
    3,
    1,
    4,
    1,
    2,
    0,
    2,
    0,
    2,
    0,
    3,
    0,
    4,
    4,
    0,
    0,
    5,
    0,
    1,
    0,
    2,
    2,
    2,
    3,
    0,
    2,
    0,
    0,
    0,
    2,
    0,
    3,
    3,
    2,
    3,
    0,
    5,
    2,
    0,
    2,
    3,
    0,
    0,
    4,
    1,
    0,
    0,
    4,
    2,
    0,
    1,
    0,
    0,
    5,
    0,
    7,
    2,
    0,
    5,
    3,
    2,
    2,
    0,
    2,
    2,
    0,
    0,
    5,
    1,
    0,
    3,
    0
  ]
}