{
  "ai_baseline_similarity": null,
  "author_id": "29ed6426-e929-5c4d-b44f-e2186a5c4a7f",
  "baseline_centroid_similarity": 0.3035508078725527,
  "intra_period_variance_trend": [
    0.33740681743109074,
    0.3953261886534293,
    0.4080880707221822,
    0.43892013984619355,
    0.3893729630456699,
    0.43993135112597304,
    0.4030991675612762,
    0.4514775771632529,
    0.42287458216527624,
    0.4111626956812445,
    0.4310760227369396,
    0.41881224084495444,
    0.44096100421383316,
    0.40356879249936406,
    0.4303677057507786,
    0.3513695836354709,
    0.3777455156469006,
    0.4042633599115016,
    0.40643525907398353,
    0.40554559910714694,
    0.4174565854989604,
    0.43300959756752166,
    0.7266256534225464,
    0.41378016819768815,
    0.4220863495807953,
    0.4339350980674107,
    0.43300458230400957,
    0.4517352652408817,
    0.4657473861095586,
    0.41259107950145246,
    0.44220592263708686,
    0.44686326599098036,
    0.4363237755930486,
    0.4340888109152976,
    0.43157839771392437,
    0.4159023938574921,
    0.44115343475979774
  ],
  "monthly_centroid_velocities": [
    0.09105059345642141,
    0.029304292757083128,
    0.022142840467418323,
    0.054150975781642074,
    0.050785535158351935,
    0.08640045235158467,
    0.05680931403166023,
    0.05596873356946486,
    0.03759057465148241,
    0.03943586102944718,
    0.03275119812038374,
    0.08041177366317664,
    0.05015390548907339,
    0.03603606342366139,
    0.05485717250544342,
    0.054228745713838844,
    0.04188586584210341,
    0.033546700133961105,
    0.049566079840295485,
    0.06559727702649198,
    0.042616529044394946,
    0.11701975107710372,
    0.13053556545441225,
    0.03849518143151387,
    0.04659550511432953,
    0.09192008184429823,
    0.08773740746132574,
    0.04565255012908931,
    0.0717903389951483,
    0.04969841095165961,
    0.026442965299963817,
    0.03729592184535646,
    0.07797677981339901,
    0.13414931536712327,
    0.16197751060110355,
    0.03322583888047914
  ]
}