{
  "ai_baseline_similarity": 0.5749037126705989,
  "author_id": "9505b17c-3600-5021-9f46-e0c6700740b1",
  "baseline_centroid_similarity": 0.48566185366313547,
  "intra_period_variance_trend": [
    0.3441734077600928,
    0.3912757824781459,
    0.4229753602769571,
    0.42559707811069264,
    0.41449379644283413,
    0.4182918227720371,
    0.4133324180289147,
    0.43561429351783937,
    0.43628534496010624,
    0.42336502297459777,
    0.3989848326962368,
    0.4335921523577068,
    0.43605786662281126,
    0.340523428411327,
    0.42237993872746843,
    0.43567490332463016,
    0.3987758732874071,
    0.36320195701691876,
    0.4045658361760061,
    0.32877205367216605,
    0.37376570203684717,
    0.3869438673619625,
    0.36160649339167517,
    0.4184940585436669,
    0.39596422481624016,
    0.3957040710888176,
    0.34547414570777657,
    0.38138442093684893,
    0.36120302828581957,
    0.31725516042499513,
    0.405168995376677,
    0.3154339377934624,
    0.3544476711920886,
    0.3672753987713445,
    0.39854632812195906,
    0.3561181445392713,
    0.3635490289360486,
    0.36579975867234876,
    0.3386866687690299,
    0.39008899396549146,
    0.35100204552340447,
    0.35802357913783844,
    0.3223845477614722,
    0.3405078293227875,
    0.3482097510557641,
    0.3234062297760079,
    0.3602277297989479,
    0.37908883967673646,
    0.39430285593965864,
    0.37387343324366523,
    0.351740132535028,
    0.4071402490223249,
    0.39223213320433387,
    0.3721308906520432,
    0.31614241528432185,
    0.38575114326471344,
    0.3683391541715547,
    0.37092747528982756,
    0.37139727214545754,
    0.37232383107453904,
    0.3785645879189771,
    0.3665270639954425,
    0.35804275424684556,
    0.2644102421730417
  ],
  "monthly_centroid_velocities": [
    0.038535380503231464,
    0.06501863517888251,
    0.05025892253245212,
    0.03975955499006578,
    0.05174568837678928,
    0.05659840936232652,
    0.08362248233589187,
    0.09184890370646626,
    0.07217215877695904,
    0.04101463854661247,
    0.05207453363628867,
    0.050309256159825955,
    0.09232141799118576,
    0.07557768028556755,
    0.12558283128068948,
    0.14186519137600984,
    0.10300917453014591,
    0.06889026774385576,
    0.11554006248186344,
    0.05695009408580798,
    0.1235117274832569,
    0.08829085023777539,
    0.07561320080597855,
    0.10430587602657049,
    0.057870901836618804,
    0.048837798472791794,
    0.04945305264440003,
    0.045245238319842174,
    0.05810081775315079,
    0.05203267267259226,
    0.0667661570041721,
    0.0858387754548432,
    0.07343182506337587,
    0.0655736045929286,
    0.08294638171974134,
    0.06396642716466172,
    0.08068603765923255,
    0.08410910528589999,
    0.07407820243668584,
    0.06133408292673159,
    0.09639622302935014,
    0.050708138023745075,
    0.06668198144087456,
    0.061440055283492834,
    0.05322139730360864,
    0.08973483330471832,
    0.06240183490041862,
    0.06144235465190684,
    0.08134453799843544,
    0.08191133021366792,
    0.08830031597718269,
    0.10102499589886438,
    0.1159969598420133,
    0.16836573198107463,
    0.09751753907219018,
    0.1059917951319077,
    0.11472914712486093,
    0.08528509444837873,
    0.054681594755248364,
    0.1214852498932284,
    0.13355569705202142,
    0.14405088948737477,
    0.05764897354139242
  ]
}