{
  "ai_baseline_similarity": null,
  "author_id": "40db1b2b-cc8c-58af-8933-9a86480c183b",
  "baseline_centroid_similarity": 0.43212902022381117,
  "intra_period_variance_trend": [
    0.38395115665186513,
    0.4455145113400973,
    0.4704960115044285,
    0.45101526925847185,
    0.4551130596785377,
    0.4535900012738171,
    0.46655675502243055,
    0.4441085111355596,
    0.43093082463388704,
    0.35851855285587514,
    0.38389603958726976,
    0.3667488010618366,
    0.37859029933469723,
    0.3861675154922238,
    0.4275513837749757,
    0.42094012309230117,
    0.40751177529865085,
    0.3967959813111828,
    0.42369552590129483,
    0.4481403922640499,
    0.42148783628426945,
    0.4381502143461532,
    0.472918407710238,
    0.44134043461638245,
    0.4449841475252285,
    0.4436862902584038,
    0.4385195437763926,
    0.4203915354089389,
    0.4505390218732126,
    0.38792396382239147,
    0.4188858583162092
  ],
  "monthly_centroid_velocities": [
    0.0562326285529926,
    0.040469320276724896,
    0.03291175583392514,
    0.03677778203618043,
    0.03200812907347339,
    0.03129755328532957,
    0.03103596568632494,
    0.1427277760574024,
    0.061707699873106536,
    0.050130414076839824,
    0.024984237636840212,
    0.019977114785937222,
    0.023893874741165,
    0.04596727841892312,
    0.029933711575587885,
    0.03689834887535515,
    0.02862338733833747,
    0.03508092855697731,
    0.02949009489465526,
    0.0927767216605998,
    0.07890118925341405,
    0.04016964634230391,
    0.05156742796596403,
    0.04976683041079899,
    0.031417090999668607,
    0.02608023383696023,
    0.06231195398314171,
    0.08546569276216809,
    0.12821005708370636,
    0.0424775290788153
  ]
}