{
  "ai_baseline_similarity": null,
  "author_id": "08847eb7-bcdf-5c21-a808-93879847331e",
  "baseline_centroid_similarity": 0.5863954426277251,
  "intra_period_variance_trend": [
    0.4022846083615871,
    0.4226847056462207,
    0.4535611128924266,
    0.4552296571816696,
    0.44625545370547987,
    0.4074488270402672,
    0.4463292199835124,
    0.44307580658251516,
    0.44521474572304914,
    0.45512253829479976,
    0.46087305160974024,
    0.43130559772856575,
    0.4365450711826164,
    0.4343072812687954,
    0.4008994290918966,
    0.4998924522619202,
    0.6183391842014385,
    0.3958809780736351,
    0.4409560931922542,
    0.4489435357730402,
    0.45053987036316573,
    0.454243283977168,
    0.44795520961495366,
    0.48163231579087296,
    0.41089460534311145,
    0.4463365019893679,
    0.4554027036476796,
    0.4522154585172598
  ],
  "monthly_centroid_velocities": [
    0.07299962979526886,
    0.04215863601109959,
    0.04676534026379453,
    0.036179800049678135,
    0.04770239081659389,
    0.049733674579864995,
    0.0854803196733982,
    0.029039591431359923,
    0.048920051728419955,
    0.03679776368172338,
    0.04030543834732003,
    0.026791112857551425,
    0.038709933956804,
    0.03443236636476177,
    0.15050483638139467,
    0.2505787705871979,
    0.07844566230939909,
    0.05606739663848559,
    0.06050422353696827,
    0.057592677763791955,
    0.06384663035934413,
    0.03916884018972222,
    0.0368883541110574,
    0.08315875963472841,
    0.08026148530989763,
    0.07092157567234536,
    0.02195339666466356
  ]
}