{
  "ai_baseline_similarity": null,
  "author_id": "361c4822-8951-5046-87b1-7d2ff05a63e4",
  "baseline_centroid_similarity": 0.3727302789616688,
  "intra_period_variance_trend": [
    0.6816717634833676,
    0.40722816917154825,
    0.450979383434927,
    0.4440012989124233,
    0.47235784163324235,
    0.46364511173501466,
    0.4127181645876658,
    0.4330514997260052,
    0.4401195931802747,
    0.44366891033652806,
    0.4580984807363618,
    0.436621982425976,
    0.4350167898460557,
    0.4495174608844837,
    0.4587181959508011,
    0.4106959956123582,
    0.48544417674716783,
    0.4874849673632316,
    0.4826137842397197,
    0.47060668338053124,
    0.47787516641786854,
    0.4606764149440403,
    0.515771151418745,
    0.49057434031588004,
    0.47064888459339166,
    0.47108227079375214,
    0.4949421194671895,
    0.5017462712603759,
    0.49998447824512826,
    0.5202370509419224,
    0.47025254179609943,
    0.4885242882954575,
    0.5153886896919321,
    0.5115640108054799,
    0.4914721916698071,
    0.4987193306590648,
    0.5193415720961054,
    0.4979648201585833
  ],
  "monthly_centroid_velocities": [
    0.11926829288627316,
    0.04548040403098241,
    0.05622621879014522,
    0.050189537320573185,
    0.03959273858797985,
    0.08948748696564213,
    0.03588261349298172,
    0.034476711207718,
    0.048998151639641274,
    0.04590191093378837,
    0.04579099372579143,
    0.0474455679682565,
    0.033115659510023376,
    0.030005158602002813,
    0.04617368611854111,
    0.10242295772716958,
    0.04376180640194649,
    0.05715631971717294,
    0.05215072859220915,
    0.03986873216018161,
    0.12909502118391436,
    0.07787903924309225,
    0.06318915109362788,
    0.07641305866712911,
    0.05018006754144544,
    0.03503980638577775,
    0.054302238617089715,
    0.05417359450223147,
    0.05326745139766109,
    0.0661673795240203,
    0.057322334790130824,
    0.07543134126318995,
    0.08702037124056217,
    0.09821876210927893,
    0.08813951702718537,
    0.0899674997959321,
    0.04654004872860529
  ]
}