{
  "ai_baseline_similarity": null,
  "author_id": "ca23dfbb-a8f9-57c7-83a9-d225df4e4685",
  "baseline_centroid_similarity": 0.4778608685223225,
  "intra_period_variance_trend": [
    0.7373631269263579,
    0.4345710621647763,
    0.45213569705439666,
    0.4192162038152962,
    0.44815015633713323,
    0.41540212762562995,
    0.44999912447812307,
    0.45023447643999254,
    0.42078781506967516,
    0.4483212898056268,
    0.42228669577347117,
    0.45385024567161747,
    0.425677124659244,
    0.4061163394971219,
    0.41915754679882516,
    0.38690697624980347,
    0.4155504331472775,
    0.4101903613435514,
    0.4043650560891334,
    0.4001535431151163,
    0.4001770635690336,
    0.38961594195733357,
    0.3847409053193785,
    0.41313830638394766,
    0.4027858169286176,
    0.41451166355289953,
    0.4249690577889254,
    0.40467233481032444,
    0.40518865225689926,
    0.4140808843878883,
    0.4286508781594874,
    0.4312147311315023,
    0.4275252557259052,
    0.3968230646953162,
    0.40355290471024874,
    0.4021385345565808,
    0.40707550721286045,
    0.40381904714965744,
    0.41352295219489754,
    0.42657914507016387,
    0.3979065446665122,
    0.41879889433555323,
    0.4291537843176548,
    0.4393122347274188,
    0.4187559317291462,
    0.40841216613018555,
    0.4342684599628249,
    0.42458673545851094,
    0.4296352777929245,
    0.41366429683133643,
    0.41818407790352596,
    0.4216957937908064,
    0.44403960810810206,
    0.3971610740272726,
    0.4218064699633808
  ],
  "monthly_centroid_velocities": [
    0.248168395995216,
    0.03774106683280809,
    0.033360585471021165,
    0.05700612834625984,
    0.035294262090049044,
    0.06991989010533284,
    0.040781069531804826,
    0.03286595862099184,
    0.021150012534555507,
    0.04003533390498193,
    0.03171844881208308,
    0.022849672367172946,
    0.022722366907419023,
    0.034843155677724336,
    0.03725848432832002,
    0.04909673632023093,
    0.030204411774381046,
    0.02366547439525002,
    0.0195817828588416,
    0.022937295201867935,
    0.02695742892027342,
    0.025936142281533625,
    0.03251989169513392,
    0.1597726799016601,
    0.06302930866885148,
    0.025299180123600773,
    0.01926931476397875,
    0.03034175234200176,
    0.028043405088701734,
    0.03755564057164196,
    0.016892022869680723,
    0.030438641107756625,
    0.033136523309138854,
    0.05355337263006199,
    0.029397158081250985,
    0.022580912119449903,
    0.032792007485132,
    0.028977628781392095,
    0.02602289820833048,
    0.05009845206856933,
    0.03607900117602747,
    0.046884005142655116,
    0.034997323064963615,
    0.053724934289521076,
    0.06196663353684839,
    0.02926561744682854,
    0.03833753701634224,
    0.04476547554422483,
    0.03630984411814109,
    0.03867483385887316,
    0.03946875422588747,
    0.039519357201434846,
    0.09082352631653745,
    0.027959686502703418
  ]
}