{
  "ai_baseline_similarity": null,
  "author_id": "cbdd6485-f89f-5eda-8fdc-648e3a302b52",
  "baseline_centroid_similarity": 0.5177762070512214,
  "intra_period_variance_trend": [
    0.7101573958907162,
    0.43959021268884163,
    0.4509218469608861,
    0.4311709832841883,
    0.42996516268476914,
    0.434312413451759,
    0.42071492731099963,
    0.4346386184686681,
    0.3981968285732842,
    0.4357656558492482,
    0.41319295607549866,
    0.43422269633575594,
    0.4344379297215317,
    0.40063409329755256,
    0.4348759206632521,
    0.4140766957505361,
    0.4158291510884538,
    0.39552148284749983,
    0.3818744454362168,
    0.3454310493610082,
    0.3662326966735547,
    0.37191120635593483,
    0.369629305296408,
    0.3944923236140662,
    0.4227049660695504,
    0.4208356810779491,
    0.3931242211957768,
    0.3975231708512416,
    0.38303166434991237,
    0.4168389215716335,
    0.38600578832542853,
    0.4010574543620231,
    0.434440691000437,
    0.41421852542873844,
    0.42889050890434444,
    0.41270246459328463,
    0.4507667709881542,
    0.4303479230179404,
    0.45390065389449025,
    0.4035591806042868,
    0.4240421369643814
  ],
  "monthly_centroid_velocities": [
    0.11166545354575996,
    0.11425956110756685,
    0.08392082384929722,
    0.050483476892877244,
    0.03245941039322009,
    0.04161447559895781,
    0.030656564487997584,
    0.037532646191111185,
    0.0322049441008071,
    0.13329454892169001,
    0.06508095676722836,
    0.04378602089126338,
    0.03549404992458394,
    0.0638188469811749,
    0.04983682625632102,
    0.04187678890060398,
    0.04072634955794063,
    0.08224562292207849,
    0.03844703815408124,
    0.05863292502877149,
    0.029288372707045873,
    0.022135538745442385,
    0.03545708946696413,
    0.0706541321446702,
    0.042491625237428776,
    0.07025970604769316,
    0.023693013051303224,
    0.06491814316090294,
    0.05069189267286678,
    0.08410321237249718,
    0.09808124156099118,
    0.04016109652573341,
    0.07913177349198208,
    0.07395764785310877,
    0.04691530125261678,
    0.03335533830172899,
    0.06100654744010703,
    0.04951325121304884,
    0.07036961305328848,
    0.05034750396769172
  ]
}