{
  "ai_baseline_similarity": null,
  "author_id": "50c42cb1-0544-52dd-a270-f7aa56b7cf40",
  "baseline_centroid_similarity": 0.453741273807773,
  "intra_period_variance_trend": [
    0.44608952645673916,
    0.4200094259583466,
    0.4658731556448408,
    0.4852118438395956,
    0.44658190963097816,
    0.4446837393637422,
    0.7594635302389151,
    0.7274675167533556,
    0.45043752155060796,
    0.453785412228776,
    0.42974486713040777,
    0.45659424847058633,
    0.4630425894114879,
    0.48561661292551317,
    0.47999196959216583,
    0.4597339705335059,
    0.4657049251805852,
    0.4498583446614561,
    0.4397791834614062,
    0.42275952472321887,
    0.4432059851605108,
    0.7004690588770766,
    0.7177580488165916,
    0.7204278950274516,
    0.38406374795785425,
    0.4601520449782886,
    0.6812612246815698,
    0.4088884944462061,
    0.4231177290396644,
    0.3495096630409916,
    0.6393757342615229,
    0.3745313020757367,
    0.6405402768434346,
    0.40406203462770046,
    0.41967166142527607,
    0.4029647149917183,
    0.3765279715112527,
    0.3524376231456634,
    0.3556934095002776,
    0.40825673030533605,
    0.42265503771338714,
    0.36674137673801466,
    0.33394046812785155,
    0.5833197923317963,
    0.38475990505783275,
    0.6177286583032964,
    0.6261261932940767,
    0.6614052290576484,
    0.4153423233742738,
    0.38567345581325446,
    0.3906450367149537,
    0.4001697706166313,
    0.43701402500410463,
    0.4226684309396877,
    0.3964302472203532,
    0.44680087107445166,
    0.4399314477416803,
    0.4239284116701811,
    0.42766801879998106,
    0.7307828139449589,
    0.38511908778612713,
    0.44287416274069485,
    0.40863595034451217,
    0.3375562132272132
  ],
  "monthly_centroid_velocities": [
    0.05753437691769325,
    0.08173917543709719,
    0.07432852699628345,
    0.06696053261681012,
    0.0784438426521803,
    0.14444130228129293,
    0.15909876926153899,
    0.09972030893969386,
    0.09629497446519808,
    0.09652571791603126,
    0.10893175188547366,
    0.1213279372510011,
    0.14050230170022826,
    0.0714824616945563,
    0.06602178089526212,
    0.08488599313834666,
    0.06076978307045988,
    0.06533129480893474,
    0.07368437978040077,
    0.0657202415118513,
    0.08769431161511876,
    0.11317452059739419,
    0.10343327870358521,
    0.0993694663041993,
    0.0952108633133707,
    0.1982483224191377,
    0.13534176982611534,
    0.08761090036507746,
    0.07446561537541685,
    0.1355336751111017,
    0.09463540813018623,
    0.126266385846587,
    0.12159313677276551,
    0.09406414533734853,
    0.07634540193019357,
    0.07607631737205511,
    0.05383393603563802,
    0.0586356012819389,
    0.06047795094411823,
    0.06606879324443904,
    0.0738309507028817,
    0.05873553465951964,
    0.14890121603714335,
    0.0715512817343219,
    0.07060496670001082,
    0.07892777500327575,
    0.07800298793179783,
    0.10265104025613825,
    0.12443657441932965,
    0.10424576555905929,
    0.08728245805658874,
    0.07379880718496346,
    0.0719812389432598,
    0.09669993493994078,
    0.047836286711592124,
    0.05633787714126981,
    0.06416064488297413,
    0.06973761896348063,
    0.09886457379608171,
    0.10917118269886683,
    0.11755595601652435,
    0.1566540467981471,
    0.06381085042712908
  ]
}