{
  "ai_baseline_similarity": null,
  "author_id": "1f65480c-ed47-5b54-903a-13e19a1850ac",
  "baseline_centroid_similarity": 0.7049137689233955,
  "intra_period_variance_trend": [
    0.0,
    0.7210504234908014,
    0.0,
    0.5600473663086681,
    0.0,
    0.6001417856293316,
    0.6782659287892054,
    0.7282590933625838,
    0.5797199629773401,
    0.5574742317038263,
    0.69627963857265,
    0.6238087190715996,
    0.5305608705777707,
    0.6357409660570671,
    0.6660275607771446,
    0.6173685557569002,
    0.610267514099135,
    0.6788480250855726,
    0.7107471195842031,
    0.0,
    0.0,
    0.0,
    0.5217000451466764,
    0.0,
    0.0,
    0.6949430214746439,
    0.0,
    0.6743440409601668,
    0.0,
    0.0,
    0.6569972024835296,
    0.4645459761925365,
    0.18589213983243802
  ],
  "monthly_centroid_velocities": [
    0.42876103022909895,
    0.35268196709592825,
    0.5528559872379951,
    0.5630995008763304,
    0.4840793345414949,
    0.3531274616256749,
    0.1780567554327641,
    0.2029374203916463,
    0.16475501929358927,
    0.13893192221837558,
    0.10153320199751747,
    0.1846032347434854,
    0.2466211904199863,
    0.16705845428697952,
    0.15989973136884617,
    0.16090403152243682,
    0.16619684864482598,
    0.20850849388414627,
    0.5637171874711594,
    0.6256557848832881,
    0.7602988571768946,
    0.41820114095373573,
    0.3843160459788676,
    0.6910351107639994,
    0.6136500533670706,
    0.4962237210682313,
    0.6413805365244806,
    0.7450954057735152,
    0.9676009356308128,
    0.8190972032336258,
    0.4188784152031769,
    0.1518654678789474
  ]
}