{
  "ai_baseline_similarity": null,
  "author_id": "a5216452-c438-56ae-9edc-5ed65c43649c",
  "baseline_centroid_similarity": 0.633790116742354,
  "intra_period_variance_trend": [
    0.6055650605108832,
    0.0,
    0.7405994582790952,
    0.594733399221082,
    0.8522061199761076,
    0.8793503658245787,
    0.2411586075574265,
    0.24619948883739337,
    0.1961966099942608,
    0.2504971060776225,
    0.19593893773611742,
    0.4670219796061264,
    0.4588084221720822,
    0.39438372382491305,
    0.2428013004821972,
    0.12781534822439747,
    0.11059591250534244,
    0.14826477389361573,
    0.09895078600332217,
    0.16405920381626304,
    0.11844981784757405,
    0.09310663295656942,
    0.1804061970798494,
    0.15716446249934568,
    0.0828220793190353,
    0.19759282298884304,
    0.14094012739412284,
    0.13711346180847747,
    0.11907854970946713,
    0.13987150736275716,
    0.0,
    0.5642539480855542,
    0.0,
    0.0,
    0.8918491737880166,
    0.0,
    0.0,
    0.8767220376166944,
    0.7475119665540111,
    0.0,
    0.0,
    0.0,
    0.0,
    0.8089533652221063,
    0.0,
    0.0,
    0.4933761739579471,
    0.4124033092622291,
    0.0
  ],
  "monthly_centroid_velocities": [
    0.47545860542533014,
    0.45627766210461496,
    0.3074374642157218,
    0.5956240522803291,
    0.4527881999821689,
    0.7275060778877904,
    0.06488484320446886,
    0.03858578289250658,
    0.016352032387657256,
    0.017209698509316418,
    0.1636805904978712,
    0.0291377142949375,
    0.058596669431279946,
    0.0659159684967594,
    0.023980862932002633,
    0.01739564416117323,
    0.014313565315265953,
    0.017050957060723793,
    0.02118742115159611,
    0.017467126338595707,
    0.016551002035947726,
    0.013380663828409745,
    0.01901357496398015,
    0.018246713887372423,
    0.011930910079147372,
    0.0163377069638031,
    0.020933019773439532,
    0.025008428654646697,
    0.020226836416755267,
    0.9397509728377635,
    0.7957664705897334,
    0.46542478389749575,
    0.8671741417434561,
    0.5131909835514101,
    0.8815838840375247,
    0.6101115985984479,
    0.8163836576691449,
    0.7114215091613755,
    0.7049786983976503,
    0.8491944213398681,
    0.6779328860914415,
    0.8102989673522634,
    0.6472375518843778,
    0.6170384351627293,
    0.744876877704716,
    0.7201253079392621,
    0.10631854907473692,
    0.17740136246582405
  ]
}