{
  "ai_baseline_similarity": null,
  "author_id": "3271fa4d-895f-511a-83e7-8408f811bec3",
  "baseline_centroid_similarity": 0.5238616213734361,
  "intra_period_variance_trend": [
    0.4550807604219775,
    0.4482286310545163,
    0.46540317729565395,
    0.42464250589993086,
    0.45778384556627155,
    0.47153754235894535,
    0.4605844232850349,
    0.44563099939856415,
    0.4611526980748776,
    0.42592083123798685,
    0.4141255051868705,
    0.41570794083438223,
    0.47278283532022486,
    0.43466528095089974,
    0.41051398307141945,
    0.46199683861907864,
    0.39563881096142384,
    0.42232336464887943,
    0.403257292602343,
    0.369457673707874,
    0.41452419740791036,
    0.41978220271931205,
    0.41997968382891104,
    0.3802002489757868,
    0.39279662901930795,
    0.39150133036815027,
    0.34473550875084963,
    0.3889819698192432,
    0.33447601114385783,
    0.409710981203472,
    0.38113756470542953,
    0.4435455931570222,
    0.4172135022773332,
    0.4016865349141523,
    0.3918592525751729,
    0.36909839003084743,
    0.34909572502362957,
    0.3533257556304712,
    0.34507364218518705,
    0.3359925837923911,
    0.31608580998580355,
    0.3827343436414693,
    0.37281512277313084,
    0.3465046071621606,
    0.3729335908966098,
    0.4133862123096284,
    0.36889347267861977,
    0.3968713528472245,
    0.39863640670233635,
    0.42639064028401574,
    0.3785696549064408,
    0.3981088163686388,
    0.4126606215251026,
    0.3933380864599056,
    0.4125422289049083,
    0.3947016668644048,
    0.44202874728011243,
    0.41427562750747526,
    0.42027234119007,
    0.3715701628570837,
    0.41830254817313856
  ],
  "monthly_centroid_velocities": [
    0.039931960200053296,
    0.037936883749052575,
    0.05740330315329567,
    0.06169124531565484,
    0.04568435411632632,
    0.03476495517836564,
    0.0500933737408914,
    0.045578529469268214,
    0.036489057958051685,
    0.06432033482931154,
    0.0471061469065438,
    0.10866347632790696,
    0.07103245836328509,
    0.03582431519256202,
    0.039664126640443054,
    0.07152198448982117,
    0.03736327207155743,
    0.029762684666052475,
    0.039223768936171965,
    0.056704712953345116,
    0.0469770979865598,
    0.043827843028193536,
    0.026581779703213404,
    0.025906097001386907,
    0.03713594355473415,
    0.045935504445238085,
    0.03635634188556669,
    0.040882814990364946,
    0.05723312487937682,
    0.06319895747465298,
    0.06514593680358272,
    0.06054191324440161,
    0.04920465551423847,
    0.049343852359502116,
    0.027957122315196647,
    0.03912349770636825,
    0.01733744038417262,
    0.04373281446661481,
    0.049776695342110266,
    0.052534131818820606,
    0.051249013393542375,
    0.02855116817447545,
    0.10068572289578848,
    0.08087904505034993,
    0.041958132299589224,
    0.05874587280705912,
    0.04480624019625279,
    0.04634155617154878,
    0.05007651756495202,
    0.07705272221769643,
    0.10249196209169742,
    0.06306745313834561,
    0.07575381432343808,
    0.08251589680882243,
    0.04203041047092837,
    0.060731541966094094,
    0.101680981241829,
    0.08905900448665927,
    0.1982613896491593,
    0.09051724472499578
  ]
}