{
  "ai_baseline_similarity": null,
  "author_id": "14fad988-8d54-5a02-9143-c11837229f57",
  "baseline_centroid_similarity": 0.4185258450442423,
  "intra_period_variance_trend": [
    0.39866335646135265,
    0.47981299689353357,
    0.5150126748816519,
    0.4941389551902616,
    0.48625801501073307,
    0.4512796093668883,
    0.4934905611319622,
    0.45458304230072566,
    0.5098554203300786,
    0.4592101950896031,
    0.4860898263522466,
    0.47228550659369495,
    0.4945316272902877,
    0.46465930107658265,
    0.4740291561162471,
    0.49494728334084603,
    0.43615165180051835,
    0.4799577596881868,
    0.48208168021631337,
    0.46527570178909833,
    0.49790749268105783,
    0.4733653561708929,
    0.48739511106228317,
    0.44414987037829334,
    0.49199957219587365,
    0.49170296266748714,
    0.41014723457776797,
    0.3834582526725357,
    0.4599503527521036,
    0.3982504839820928,
    0.681511555846079,
    0.6227563316502253,
    0.6711186993173112,
    0.6213431690444757,
    0.7197334452198861,
    0.46305959958747944,
    0.6582338741383312,
    0.4494201499778713,
    0.41904327606888936,
    0.3654133395296554,
    0.3578578103242962,
    0.425299976527603,
    0.3078973940654162,
    0.38477106998413996,
    0.3858113915189382,
    0.3675922708592997,
    0.3929258223166255,
    0.40421513011775323,
    0.41817155936957257,
    0.41777140802432144,
    0.396405466020687,
    0.41496788066642154,
    0.5029181285316724,
    0.4681156931600074,
    0.38722504984897654,
    0.454898634985846,
    0.4006313549680806,
    0.478236337298586,
    0.4554198934128367,
    0.4655809735641309,
    0.41689374940910184,
    0.4443945633173784,
    0.43386904203543264,
    0.3909913931997237
  ],
  "monthly_centroid_velocities": [
    0.06191874334715408,
    0.07254137706375074,
    0.09107257755504894,
    0.08317247792138471,
    0.08528890136675038,
    0.11693384037569932,
    0.1229189660148523,
    0.06644533262098118,
    0.052308713229411,
    0.06551979178980538,
    0.07589873466265828,
    0.0995713739624694,
    0.08931690245150126,
    0.1411056059701058,
    0.08488021291164471,
    0.14168769695448957,
    0.08072410539018082,
    0.05024619921830831,
    0.06326541214545645,
    0.06252344629596407,
    0.06047745947676664,
    0.07714947296795038,
    0.07889499049060378,
    0.06424161596532496,
    0.08540082367037172,
    0.08199194337357574,
    0.111164993180496,
    0.08754408618484877,
    0.12602910681422907,
    0.14829650332856348,
    0.15746660586514116,
    0.2187040274911899,
    0.13472223741036238,
    0.21785196823286823,
    0.16253660957251137,
    0.1413304486719532,
    0.15314864230788172,
    0.11241354443887741,
    0.12311150198863241,
    0.06053496151149784,
    0.09290491750462904,
    0.1385292790341517,
    0.09497775190781477,
    0.08644435675714823,
    0.0667514368604113,
    0.08604138224003677,
    0.12697416643625414,
    0.13621480004851827,
    0.1015079906290357,
    0.04041998922300438,
    0.07248010920300185,
    0.07523475042293237,
    0.055444691176793626,
    0.09533969660568797,
    0.07645801234741245,
    0.1411494990856711,
    0.11925016756137308,
    0.05819798409077992,
    0.06970329632608263,
    0.06559205974306936,
    0.06978108035360431,
    0.07477327408498025,
    0.07656700363591395
  ]
}