{
  "ai_baseline_similarity": null,
  "author_id": "0325da63-33df-5141-a166-24b227015fe3",
  "baseline_centroid_similarity": 0.32646756712817154,
  "intra_period_variance_trend": [
    0.40945560257541574,
    0.4280791832918337,
    0.42697690826081547,
    0.4628069684856313,
    0.4508250386710108,
    0.44626957208985574,
    0.4460992671122445,
    0.4544945043646867,
    0.41348214887620177,
    0.4373900877273689,
    0.46089773846309456,
    0.4211712204544308,
    0.3987569368270806,
    0.42980846187763194,
    0.4107100927588818,
    0.40363011676594013,
    0.38982934976348665,
    0.39113749202654474,
    0.3983560419461732,
    0.3786931786251016,
    0.40691370278660954,
    0.43623514288179316,
    0.3828474894160281,
    0.41440682839716547,
    0.3775322448339335,
    0.41249435802663614,
    0.3704747553319031,
    0.38608852610247957,
    0.3768045399013712,
    0.35092092187741125,
    0.39161752351152446,
    0.32341910042345745,
    0.3601854050247973,
    0.3622908499471573,
    0.36881572096387427,
    0.36210965806309914,
    0.32413662994646864,
    0.3507863413235564,
    0.35239416257724926,
    0.34580572741780513,
    0.3042876673568698,
    0.33560942622866985,
    0.32481285616821604,
    0.3226146573381559,
    0.3487059180098834,
    0.3340260335388045,
    0.3495210474057811,
    0.3722196538245765,
    0.34170261343368036,
    0.3554463787853313,
    0.3514616324401854,
    0.35618615208624493,
    0.3810850231020489,
    0.3572621749027074,
    0.3342414237322735,
    0.343168371541806,
    0.3306835020107781,
    0.3857791722673222,
    0.35596199935336464,
    0.34415073777782046,
    0.3467472245159903,
    0.3599771800006769,
    0.342403942283779,
    0.33384160179927347
  ],
  "monthly_centroid_velocities": [
    0.04147253514247795,
    0.04415566322693765,
    0.032581712044181144,
    0.047278733661255457,
    0.032254690505090444,
    0.06955799863138357,
    0.05719511989763715,
    0.041381463563354814,
    0.03960540925526057,
    0.03544230966693929,
    0.040825141801155485,
    0.03714893042290057,
    0.03435986524497958,
    0.03177561483847058,
    0.0515992583546403,
    0.08113694243942249,
    0.06750602234599445,
    0.020312153416779277,
    0.05470176736824328,
    0.031032029865951327,
    0.03933600501620049,
    0.02528742358212044,
    0.027320636912082974,
    0.036777344653260324,
    0.049564793795553896,
    0.03949599424846795,
    0.019498414884573267,
    0.028364283910290222,
    0.037086265217539105,
    0.031281545637325436,
    0.04057173250566315,
    0.04888102337338118,
    0.055800577739202994,
    0.038917554226911455,
    0.017009588234691342,
    0.02153823831920687,
    0.028791926786641664,
    0.02007276374655853,
    0.026012910533977807,
    0.024156036771764144,
    0.04652732419792904,
    0.05155105598589127,
    0.038625898345231335,
    0.02614940983098557,
    0.015121042820471886,
    0.03470596415136573,
    0.0583553754151509,
    0.03448799748625053,
    0.03718935797642764,
    0.020565348111903914,
    0.02157601783085039,
    0.020383470440770934,
    0.029968559450776144,
    0.06738974453511071,
    0.038531763920031104,
    0.04339516843283586,
    0.03652546307141025,
    0.02643029042760403,
    0.04550181362645578,
    0.05601359804049533,
    0.05374613622983193,
    0.0937566060363737,
    0.03856486523687819
  ]
}