{
  "ai_baseline_similarity": null,
  "author_id": "e3c0993a-42ba-5fcb-918e-3847ea6b3171",
  "baseline_centroid_similarity": 0.608210552247991,
  "intra_period_variance_trend": [
    0.7431201662303467,
    0.46325480576366024,
    0.4737640891463432,
    0.4466956309289252,
    0.4868960960217758,
    0.45948276113102104,
    0.46643431637604105,
    0.4683387672832956,
    0.45720021988995446,
    0.4629886475658888,
    0.4444314329762654,
    0.4671600924569348,
    0.4476124019319441,
    0.44379527468457436,
    0.4242003687299165,
    0.4077559611010544,
    0.4303067934645752,
    0.39891711653087075,
    0.42505487839831524,
    0.3555823977871294,
    0.35997526524990914,
    0.37346248904978036,
    0.39122637742745275,
    0.382833944474508,
    0.42724581073597756,
    0.44328873099029587,
    0.4290585168481685,
    0.4067345373915581,
    0.436558899272177,
    0.4496252037470377,
    0.425288532942871,
    0.42506342160826127,
    0.4623719945799393,
    0.4294913263252467,
    0.4527414711772743,
    0.44222462113055994,
    0.45384143434333907,
    0.4193910383016153,
    0.43968715453945756,
    0.4590720585195084,
    0.4638875968444299
  ],
  "monthly_centroid_velocities": [
    0.22517442516006536,
    0.05205315301534241,
    0.028309234580419895,
    0.025769797525000415,
    0.04220058124961268,
    0.03580699752192262,
    0.03008906948617185,
    0.03020203512107089,
    0.035677019121717723,
    0.03052078563448224,
    0.04531424098537351,
    0.03400712666046046,
    0.03256016834718256,
    0.07972087488547042,
    0.04114276410785345,
    0.03606817134200635,
    0.02598682920300943,
    0.02059704836099674,
    0.0516696152995505,
    0.051524234154745496,
    0.02679312707071657,
    0.01652915257383314,
    0.025487795633935773,
    0.04433244647935364,
    0.033547484209036305,
    0.04276807896759838,
    0.021114076769997103,
    0.04224335325036599,
    0.03495773444620964,
    0.047378359117644986,
    0.05727498976389456,
    0.040404534101276535,
    0.06774374907201985,
    0.07597166303748426,
    0.0354895024030103,
    0.030566507546129218,
    0.07817997474871297,
    0.07672414168594843,
    0.0645787177248397,
    0.028840229648628424
  ]
}